id,pageURL,type,tags,previewURL,previewWidth,previewHeight,webformatURL,webformatWidth,webformatHeight,largeImageURL,imageWidth,imageHeight,imageSize,views,downloads,collections,likes,comments,user_id,user,userImageURL,popular,viewsvsdownloads,viewsvscomments
7997402,https://pixabay.com/photos/nature-rodent-squirrel-mammal-7997402/,photo,rodent,https://cdn.pixabay.com/photo/2023/05/16/12/14/nature-7997402_150.jpg,150,100,https://pixabay.com/get/gbe0f323e0e2632c0a893a36e2d9bf0304befe5d14c2a9be864575cbe2402923c9071fff9c89c1a14e76b56a60b846933e90e818e3633cea48952e3c91f2e41cb_640.jpg,640,427,https://pixabay.com/get/gca09ba4aebc8eacef25650ea8b74827bc5be04e66a5ef515d09a7b84fef41c7663cc5d7477b20534facd1b28b63d46cf78be5cca19c7a6fb0596aacb7332accd_1280.jpg,5616,3744,3648596,31678,28472,61,191,64,7200068,Andhoj,https://cdn.pixabay.com/user/2020/10/09/09-54-28-238_250x250.jpg,not that popular,0.8987941157901382,0.0020203295662604964
4515962,https://pixabay.com/photos/squirrel-rodent-animal-mammal-4515962/,photo,rodent,https://cdn.pixabay.com/photo/2019/09/30/14/51/squirrel-4515962_150.jpg,150,99,https://pixabay.com/get/g4a048ee1f46e42c70073f8bcf234df263e51bb6534052a4e1a00f2809fd6bde2375f5feffde9ca16b62403e9432a73eb0abac359bc4a106e4b368e48816ee6fa_640.jpg,640,426,https://pixabay.com/get/g4405130f40cf4228c104c60cf1887709030e88482dc477825b705b8da1e29071759eb0b056f82d68017b2f1e59068c5dbcbb825c06aafe832cf4067c2413fe30_1280.jpg,4545,3029,1616638,157380,107713,492,558,84,13793746,eluxirphoto,https://cdn.pixabay.com/user/2019/10/04/23-01-44-893_250x250.jpg,very popular,0.6844135214131402,5.33739992375143e-4
7706132,https://pixabay.com/photos/squirrel-rodent-mammal-wildlife-7706132/,photo,rodent,https://cdn.pixabay.com/photo/2023/01/08/21/05/squirrel-7706132_150.jpg,150,100,https://pixabay.com/get/gad1efb082b06629b70b1a3857f5fe2e0a19af631e0747c82e412307e1521c25d099629fe009adc8af5ad5ad5756e0c610dcd3fdce461861541e29cc9b317f686_640.jpg,640,427,https://pixabay.com/get/g62375a2135d6848a4f771354336570e17af11f673b06d7be5606ced3bf908fe279fa8d5445b7466b85d65a7e11f1f00143443f63faf971e017baced121005e37_1280.jpg,6000,4000,4911366,54156,50999,27,242,1,7673058,Ray_Shrewsberry,https://cdn.pixabay.com/user/2024/03/29/03-05-16-838_250x250.jpg,not that popular,0.9417054435334958,1.8465174680552477e-5
7484292,https://pixabay.com/photos/squirrel-animal-rodent-nature-7484292/,photo,rodent,https://cdn.pixabay.com/photo/2022/09/28/05/53/squirrel-7484292_150.jpg,150,100,https://pixabay.com/get/g60f21eda9da1329d0b0a4ee46bcb6648cce8f05d7ad9cda16c2534de2040e802c3b491c11a9705c83b0913a1baac51004b3d70b80308fa3964234a8f44335ae0_640.jpg,640,427,https://pixabay.com/get/g43e4c88e527a83c5f0422fc45178fccd8fcce980e62df20ecc1eda864c19eb07a5c92a8e893a69deca37eb2d78a70a9828446b4994686e0e86d7c01e7c142bc0_1280.jpg,4612,3075,2177421,133399,121464,79,175,30,23039065,jbooba,https://cdn.pixabay.com/user/2022/08/20/17-47-55-686_250x250.jpg,very popular,0.9105315632051215,2.2488924204829122e-4
7678830,https://pixabay.com/photos/squirrel-rodent-mammal-wildlife-7678830/,photo,rodent,https://cdn.pixabay.com/photo/2022/12/26/11/44/squirrel-7678830_150.jpg,150,102,https://pixabay.com/get/gdd1a3bb12d02008f577a4ccfc2b78ead4741fe26cfbaa06e39fd985b010efd842a681003f9916f5694f8fd386b73e9d01027048a1d9c690731d4e8e6692d6c10_640.jpg,640,437,https://pixabay.com/get/g01060af43c684488bd6cb4fa4ad78280b1f21cb73157da86114dc37f9a1e811f29bbf7ba6b013b03267e7ee5f7a707097424ded25311d20a170c98331e88714e_1280.jpg,4383,2994,2737576,104679,97676,68,262,105,1767157,Ralphs_Fotos,https://cdn.pixabay.com/user/2023/10/30/20-32-31-466_250x250.jpg,very popular,0.9331002397806628,0.0010030665176396412
570936,https://pixabay.com/photos/red-squirrel-rodent-animal-squirrel-570936/,photo,rodent,https://cdn.pixabay.com/photo/2014/12/17/00/28/red-squirrel-570936_150.jpg,150,97,https://pixabay.com/get/gf435e99f6227321757bf354f5ac794d8092d6c81aa75da79793fd50f901e4f9b34cad212e3f29d1f170c95c35f53ff1c_640.jpg,640,416,https://pixabay.com/get/g3c5397822a4224e79f938d447529ce991d61d7c7e7f6e5a16a56ac73e6fbd58ced0cac3695e8fc4ca2582070ce1e827154ff056ae4eb2a3b214856cea9aca7e5_1280.jpg,4646,3027,5552134,119069,56916,458,444,62,631372,631372,,very popular,0.47800854966448025,5.207064811159916e-4
7367445,https://pixabay.com/photos/squirrel-rodent-drinking-fountain-7367445/,photo,rodent,https://cdn.pixabay.com/photo/2022/08/05/19/21/squirrel-7367445_150.jpg,150,100,https://pixabay.com/get/ge85c33bf06cd4d67962470f300d9a483599c61dc5ba415aff0404bdeeb67ac1c21d1e94d1266969cfc2e4abf783370ee96da9f8335d6f79a1e057a121de6efab_640.jpg,640,427,https://pixabay.com/get/g337bec2baf6cb5b5ebdf32aaa249e0570e613d4f62d3a948cba159bcf2574b723328ea7df436fbddee00d613fecb5f3b50e9b65b757d31aec8ce6b8581d82a36_1280.jpg,8688,5792,8191783,49571,43038,26,123,38,5394567,GeorgeB2,https://cdn.pixabay.com/user/2017/05/31/00-48-09-43_250x250.jpg,not that popular,0.868209235238345,7.665772326561902e-4
498139,https://pixabay.com/photos/squirrel-rodent-foraging-wildlife-498139/,photo,rodent,https://cdn.pixabay.com/photo/2014/10/22/15/47/squirrel-498139_150.jpg,150,112,https://pixabay.com/get/g71d26d445c275f885490297e9b5b1dca44dfd91e627dc327d29b6c8176e88f63ed404355800b6d333a7eaec2d6fff829_640.jpg,640,480,https://pixabay.com/get/g034841520fe8f375e7f251efae827d533a4ba7aee8f68e6628e2d76209e00dfdb9445128f4bc5f5c49f1a35c12567cf5f621a9a39033caf660440eb4bc977383_1280.jpg,6614,4961,6380593,60886,28715,290,236,23,507381,tpa,https://cdn.pixabay.com/user/2014/10/22/14-21-01-683_250x250.jpg,not that popular,0.4716190914167461,3.7775514896692177e-4
6949263,https://pixabay.com/photos/squirrel-rodent-animal-6949263/,photo,rodent,https://cdn.pixabay.com/photo/2022/01/19/09/17/squirrel-6949263_150.jpg,150,100,https://pixabay.com/get/gead499af7064d6752c5e212af36084db9c8b1364da494e9bdd49e98a6e71539226be2d95051bd3d9dc14cfcd10ff352027e472d5279bc39adb3997822af43363_640.jpg,640,427,https://pixabay.com/get/g3f7c4c1b7e1483defa6ecd076e83519f0bcc7fd2a8bf5d3f07c18c9619584afe002ba26ad7319936be44f9bc437e9ab0a2e40d127f9c5cdda09a4543b4d9b6ad_1280.jpg,6000,4000,11009596,35290,30223,27,61,17,25142462,ankur400parmar,https://cdn.pixabay.com/user/2022/01/07/08-55-18-132_250x250.jpg,not that popular,0.8564182487956928,4.817228676678946e-4
7403356,https://pixabay.com/photos/tihany-squirrel-rodent-wildlife-7403356/,photo,rodent,https://cdn.pixabay.com/photo/2022/08/22/10/28/tihany-7403356_150.jpg,150,100,https://pixabay.com/get/gf0034f15128e4a045fe11f0a2b1467c7b3cd60fc933405f1926b68330f53299facc1922e3a3c3fd45e545feaf5921a7d3e117c5f16eeff6b48f540e5848c8036_640.jpg,640,427,https://pixabay.com/get/gaf7a72a62488742227db19ca218ff53809e21476b5bf0c8bbf097084b5eed022b301587142051e66f84188666b2d1e993c5eb7e6dcf9ea72e347f6e752e601ec_1280.jpg,6000,4000,6954609,82370,78420,56,113,22,3428504,Zsolt71,https://cdn.pixabay.com/user/2016/10/06/08-16-23-11_250x250.jpg,not that popular,0.9520456476872647,2.670875318683987e-4
5506514,https://pixabay.com/photos/squirrel-chipmunk-rodent-animal-5506514/,photo,rodent,https://cdn.pixabay.com/photo/2020/08/21/16/05/squirrel-5506514_150.jpg,150,100,https://pixabay.com/get/gb33300ce3b3a4e33e4a4f73afcb9d6b66e06e260eff7d7d5890e84818511f5df2c7dc55995d8bbed8bd860586025b0b91f4d1f757efce11c6c94df0fa54f3676_640.jpg,640,427,https://pixabay.com/get/g9308f0670cb3cbe47b78d38a0c8facf9fd58b40a63324597879b7dbfec5f7b6c8c78e133f8e7918d22765ccaa76290c5fcfbfea4a7656466d7a3be2921b58f43_1280.jpg,5616,3744,3356050,28188,20899,125,120,15,4140779,Ksenia_Vysotskaya,https://cdn.pixabay.com/user/2020/08/30/11-25-52-405_250x250.jpg,not that popular,0.7414147864339435,5.321413367390379e-4
5072537,https://pixabay.com/photos/animal-squirrel-rodent-cute-fur-5072537/,photo,rodent,https://cdn.pixabay.com/photo/2020/04/21/10/26/animal-5072537_150.jpg,150,100,https://pixabay.com/get/gac364ad850932e5e615d95014bd87d9046cce48e533f7cd1a53ef76b1a500d0f29575c4221a83b24a411869786fcbe7e04a849b7d7532e624f85d55b2192979f_640.jpg,640,427,https://pixabay.com/get/gd9dcaffb152756c3200f1dc7f518d4110ef50332d83e5328d5aa5b8007e726b68819e3bfdaf77d27c94a9c874657c46c2eb5f5ba845e128a3e9ba1829691dcde_1280.jpg,5184,3456,10959505,39975,34937,115,108,17,16151786,bharatspace,https://cdn.pixabay.com/user/2020/04/21/10-23-32-165_250x250.jpg,not that popular,0.8739712320200125,4.2526579111944966e-4
5158715,https://pixabay.com/photos/squirrel-rodent-animal-cute-nature-5158715/,photo,rodent,https://cdn.pixabay.com/photo/2020/05/11/15/14/squirrel-5158715_150.jpg,150,100,https://pixabay.com/get/gc10530d55f21c186319dfda850bdcb348e97e5b34cc3b82ec2006b468ba1a838f4cc14b543ae6b6258786f2c8b10cb61447549c93ad5b737cbbad87e6167b5aa_640.jpg,640,427,https://pixabay.com/get/gf9fbc16f58de7c1c370d99ad9afb69a401d602fd7b42073827b1239758439ac1946c5f7e6c453439d3b026d9d64d9215652add25fd1a1f0b1fb9fc6d144b90a3_1280.jpg,6000,4000,3970200,32377,27159,97,113,29,686414,Alexas_Fotos,https://cdn.pixabay.com/user/2024/04/18/09-33-47-584_250x250.png,not that popular,0.8388362108904469,8.956975630849059e-4
5795916,https://pixabay.com/photos/chipmunk-animal-rodent-mammal-5795916/,photo,rodent,https://cdn.pixabay.com/photo/2020/12/02/01/06/chipmunk-5795916_150.jpg,150,100,https://pixabay.com/get/g48b6ce560a8338dee130451b151a162fa7bb882f5b7219db1be67102207183a0c02f2229edc8e5e1af42ec31b3cd64cdc5b28f8f781830fa5c8e6e2f44241f26_640.jpg,640,427,https://pixabay.com/get/gf44caf649820f253a95f1217f241867cca9250d1113ac8cead64a400bbb2c961e37806fc59340578800167164cd75d60dbe604e86adac91f62def09a362172a5_1280.jpg,6960,4640,7034196,60208,51709,69,142,25,18350897,pranavsinh232,https://cdn.pixabay.com/user/2020/09/17/18-05-52-369_250x250.jpg,not that popular,0.8588393568960936,4.152272123305873e-4
4142446,https://pixabay.com/photos/squirrel-rodent-wildlife-forest-4142446/,photo,rodent,https://cdn.pixabay.com/photo/2019/04/20/18/46/squirrel-4142446_150.jpg,150,99,https://pixabay.com/get/g47dc8ad2f936b140fa1e470fadced3a92d1cd22a3f08a47f685b81733e3eca0f07940db49c6e056cc2128561e2f27b4b376e18edcc42308cf31b6b8b2d408667_640.jpg,640,426,https://pixabay.com/get/gbc56856d411bd05a1a9cea33708adf3aa0ca877ebbf297208a108248f76a673cc1c56da6a1fbad3d9f763f124b1202d520bfba2c120f6be6e2fd8fd2215a2749_1280.jpg,3888,2592,3205085,40872,24995,281,298,41,11445571,Skica911,https://cdn.pixabay.com/user/2019/02/01/19-44-27-691_250x250.jpg,not that popular,0.6115433548639656,0.001003131728322568
6365603,https://pixabay.com/photos/squirrel-rodent-foraging-eating-6365603/,photo,rodent,https://cdn.pixabay.com/photo/2021/06/26/07/57/squirrel-6365603_150.jpg,150,100,https://pixabay.com/get/gca89850dba929518eaa3235c862e528fee895dbb26e289700ef2071689cc1cac1defc0600ae3f0e15d487b2d7fb121db40ef34d46b89953574a8bac4750ab500_640.jpg,640,427,https://pixabay.com/get/gad1452223fa2b998000ac03ea907977bd20676b49c1e87751e2b5cf667f67a7417eae80debc22a24248d6e054173ee8c131d2604ec67b35ed0288cc6a3cb960f_1280.jpg,5184,3456,4458813,70090,61202,139,195,66,18792683,artoxana,https://cdn.pixabay.com/user/2024/02/10/16-41-29-437_250x250.jpg,not that popular,0.8731916107861322,9.416464545584248e-4
4700919,https://pixabay.com/photos/squirrel-rodent-foraging-eating-4700919/,photo,rodent,https://cdn.pixabay.com/photo/2019/12/17/06/50/squirrel-4700919_150.jpg,150,99,https://pixabay.com/get/g5d897a5a61825c1f2cd32fab8d6409c33573e0dead4b6179eb3fbc75f8961c76600301a533cda55ed68f223a593027f86e8cf0cffeac56b1b9a8270dc180d4b3_640.jpg,640,425,https://pixabay.com/get/g0538a43584f80fb3f9b0eed2b8239db856f61d878ea8d2ba2cf3ca224b935be47915be10e981d346865f0c31a8a3900b33afbd5307107e6fe96be7bf35371e05_1280.jpg,6016,4000,6547956,76795,55512,233,274,35,14556794,Olssid,,not that popular,0.7228595611693469,4.5575883846604595e-4
4310069,https://pixabay.com/photos/squirrel-rodent-foraging-eating-4310069/,photo,rodent,https://cdn.pixabay.com/photo/2019/07/01/14/30/squirrel-4310069_150.jpg,150,100,https://pixabay.com/get/gc3e69e66f2037b1ec4009d3ca8bdcab5c3727f9cda7924058b70d530e30b8cbc01da134f8ce678f136348ad4bfdfbf01650711de02229f2b3565514fda44de80_640.jpg,640,427,https://pixabay.com/get/ga5b2c0365bcc289a913d2e2a775360a06b88c37ba6e05b9f079f8535e8180ae187a75e4986f41c71242b01a28f125573980cf0211bf2f221299a38c0fa014e63_1280.jpg,6016,4016,4910250,80621,65239,227,279,50,686414,Alexas_Fotos,https://cdn.pixabay.com/user/2024/04/18/09-33-47-584_250x250.png,not that popular,0.8092060381290235,6.201858076679773e-4
80575,https://pixabay.com/photos/squirrel-rodent-animal-furry-80575/,photo,rodent,https://cdn.pixabay.com/photo/2013/02/11/15/54/squirrel-80575_150.jpg,150,112,https://pixabay.com/get/gcba244b9a48bf5055a5705e215590de28860aac2f9921aff06f317dbcca44bea0b8b80f88e5f8ffd2329c1689e622a6a_640.jpg,640,480,https://pixabay.com/get/gc3611e5d7f62d0b3883033460282b286063a27ef83ddb7d4d9e0305cdbe7a01e502f55bc77a29125d3e52b2f3cd572bd_1280.jpg,3000,2250,1411738,31970,16265,199,174,14,12019,12019,,not that popular,0.5087582108226463,4.3791054113231155e-4
1850210,https://pixabay.com/photos/squirrel-rodent-foraging-wildlife-1850210/,photo,rodent,https://cdn.pixabay.com/photo/2016/11/22/19/30/squirrel-1850210_150.jpg,150,99,https://pixabay.com/get/g44c2cae2f21c40bb025c623fa41ccd3082d2646f6647f39b402c2dd1c5a90e5302371e0a091256e39f56f924d16be6db4a0d91958633e0f45de97e334793d99a_640.jpg,640,426,https://pixabay.com/get/g4be82bf8b77cfa7b4b7e14a3108a8a373d8c096ea8561e7fb54ae3bff931046b6805fe5ca1af7bc944f434d07b5e7486892242476c3781b4ad196287dc6fa2cd_1280.jpg,5184,3456,2780545,68898,40107,362,361,34,2286921,Pexels,https://cdn.pixabay.com/user/2016/03/26/22-06-36-459_250x250.jpg,not that popular,0.5821213968475137,4.93483119974455e-4
6916189,https://pixabay.com/photos/squirrel-rodent-wildlife-forest-6916189/,photo,rodent,https://cdn.pixabay.com/photo/2022/01/05/00/13/squirrel-6916189_150.jpg,150,100,https://pixabay.com/get/g017d43051957011a7f012b1b46c7ab0358b009b40149dc33dcdcdd9d16a6b4de31a56c423201b78bed7074b2cb589a938f51b19fab08a111495a623a251f10e7_640.jpg,640,426,https://pixabay.com/get/g9decf69954d0073c0e7848a85ac8d8870ca598bc15380148d33f1c05e660bab5297d40bf9ea0f6a070450c28e964ef77f52650862e66b8805f6ad2469745f7ed_1280.jpg,6048,4024,3148897,26988,20221,77,109,19,3815775,ottawagraphics,https://cdn.pixabay.com/user/2019/11/21/04-24-47-124_250x250.jpg,not that popular,0.74925892989476806,7.040165999703572e-4
4466632,https://pixabay.com/photos/squirrel-rodent-wildlife-forest-4466632/,photo,rodent,https://cdn.pixabay.com/photo/2019/09/10/16/42/squirrel-4466632_150.jpg,150,99,https://pixabay.com/get/ge3ad5e1b0c858068c80a8f1095bff726bd7a8aff25cdefe3fb956a541f6429f7e5f9119f2f67788da053985da0a1fe56db1121b210d1338aec119033f6026487_640.jpg,640,426,https://pixabay.com/get/g16e4465552616552f194024d5d4e64c9a7137864fdfccaee3cb6087f79cb015a00ac7643cae5982babb20c50ddc028465ae475fc552b272e1a905f04e858e525_1280.jpg,6000,4000,3458084,36881,26822,171,185,32,686414,Alexas_Fotos,https://cdn.pixabay.com/user/2024/04/18/09-33-47-584_250x250.png,not that popular,0.7272579376914943,8.676554323364334e-4
6846096,https://pixabay.com/photos/squirrel-rodent-wildlife-forest-6846096/,photo,rodent,https://cdn.pixabay.com/photo/2021/12/04/21/53/squirrel-6846096_150.jpg,150,100,https://pixabay.com/get/g8e9091fc36ae79b79e695c69ff39d9f862a20ac29dc3cea4f6dc38478e50320bc383e10bda87306b8e6fa4790fea5bf71b48ad0a0f5119817c95d15cb048e071_640.jpg,640,427,https://pixabay.com/get/g754b6110b4f972a4d0f66fdc6feee8fa999be66a442299cf0d5977b65a75e86b6f9e65e4fbb7ba9a91ba6393e9bcaee16e89912d164638d8cdcab87afbc344ad_1280.jpg,5231,3487,7470110,64620,55342,80,125,26,15902545,matthiaskost,https://cdn.pixabay.com/user/2021/04/27/18-05-37-832_250x250.jpg,not that popular,0.8564221603218818,4.023522129371712e-4
6530649,https://pixabay.com/photos/squirrel-rodent-wildlife-forest-6530649/,photo,rodent,https://cdn.pixabay.com/photo/2021/08/08/11/29/squirrel-6530649_150.jpg,150,107,https://pixabay.com/get/g161ec504806780d8865faa7f339d9f28456e859028caf6a42ec6d6f4387e5461b3bbf0a6661ba2b2b7a8354d8ecfeca5b0614314fc65343f03c297a432ce3bbb_640.jpg,640,457,https://pixabay.com/get/g41dcb451a4d403260c00b1258c15064bd8149047e9694fe53d2452327957c49f37c6b8feae7893592ad684b669350ffb02d4d724368ddd3532c61971e026e18d_1280.jpg,3646,2604,3517221,27673,23327,79,80,30,22036834,Gulamgoush,https://cdn.pixabay.com/user/2023/10/18/15-45-04-470_250x250.jpg,not that popular,0.8429516134860695,0.0010840891844035702
4612799,https://pixabay.com/photos/squirrel-rodent-wildlife-forest-4612799/,photo,rodent,https://cdn.pixabay.com/photo/2019/11/09/03/46/squirrel-4612799_150.jpg,150,100,https://pixabay.com/get/g65961d929e98d62ca80a6aef4738d6bafe60d1563528988350f677cc3884102beea7ae249ef8adb214046c6ac9fbf7d9c4b264b0382436047bc4c4c1e62f16f5_640.jpg,640,429,https://pixabay.com/get/g99a7378c4a99a3bea15ac1e4a1a2e832b06897426a10845f0d4fa937f42895cce22b8790af447f697b592fe3957be67d21feeabecb3297820b1f0a764e33498e_1280.jpg,5349,3586,2356795,29820,23368,104,106,25,14077871,Lisa1969,,not that popular,0.7836351441985244,8.383635144198525e-4
2371509,https://pixabay.com/photos/squirrel-rodent-foraging-eating-2371509/,photo,rodent,https://cdn.pixabay.com/photo/2017/06/04/16/36/squirrel-2371509_150.jpg,150,99,https://pixabay.com/get/gb92e61a0cda15e358b39ad5b85f9a6262a5c403e626fa9c4b17caa94eecf56ced360a15429e4637b528c316e46e034271e48157ed9dbc36a034a5d7006353e63_640.jpg,640,426,https://pixabay.com/get/g58ef3809300d55357786053c37ad1afed099c472ee55ff4cbc8446f17083315cde63c95d3a5bb46c6640f98fc4f3f4140852214d9dc8308fedb002aabad9d4a8_1280.jpg,6000,4000,6573983,24586,15710,105,119,18,1403770,Sophkins,https://cdn.pixabay.com/user/2021/04/18/15-55-21-668_250x250.jpeg,not that popular,0.638981534206459,7.321239729927601e-4
4605518,https://pixabay.com/photos/squirrel-rodent-wildlife-forest-4605518/,photo,rodent,https://cdn.pixabay.com/photo/2019/11/06/08/18/squirrel-4605518_150.jpg,100,150,https://pixabay.com/get/g39084fd412cb254491a89180ec520703554ac2e9604573953980b90dbef6e94757bb382df62b3e624b92a0ac303c9b459f67338530615252f78b5da2a36bd016_640.jpg,426,640,https://pixabay.com/get/g8998de9667e244bd97cc01335f21b9a67c80e9c322105e29f9f5c783c3c916486952fc665146bed38e07f6c5660d50e861127335f5133109a8352945aad03d31_1280.jpg,3648,5472,4501983,22360,19174,69,56,12,2028938,OlcayErtem,https://cdn.pixabay.com/user/2016/03/24/17-38-25-443_250x250.jpg,not that popular,0.8575134168157424,5.366726296958855e-4
3662681,https://pixabay.com/photos/squirrel-rodent-foraging-eating-3662681/,photo,rodent,https://cdn.pixabay.com/photo/2018/09/08/15/29/squirrel-3662681_150.jpg,100,150,https://pixabay.com/get/g6020e37b0aa9d4a60e7eb04507f268e2136001b6839e087495b036edc3fc0778967ffb49abd8a6d2e3bed6dd04d30732b141fcd75c77db15f346117e4320aeb8_640.jpg,427,640,https://pixabay.com/get/ge10e0ddc45dac91d801689093205dfcf86cf0062fbd5911b622f4f1fa97b3d56283f2a1ec49f0f5351f2093bbc71eee07ecde840fa19cf67eb1799b0c44c64b0_1280.jpg,2065,3097,2045853,20754,16269,84,57,12,9882111,Tim_Tonic,https://cdn.pixabay.com/user/2018/09/28/10-16-40-938_250x250.jpg,not that popular,0.7838970800809483,5.782017924255566e-4
7875123,https://pixabay.com/photos/squirrel-rodent-mammal-wildlife-7875123/,photo,rodent,https://cdn.pixabay.com/photo/2023/03/25/04/52/squirrel-7875123_150.jpg,150,101,https://pixabay.com/get/g437128f2e3c4d1b8231e1bdfdfbb27a533628027ad2087c5b0e22cc422784fd248c6eef0386d65a922f6b8c9165bca3c72291a242ca5047e1ca44ed76af177e8_640.jpg,640,430,https://pixabay.com/get/g92f2faa79f3c220d564804866d72faab3749b550c3ed614a224f4ad8668e90a16884c38f0546364a09a709d8c4660af582f59e0b4569903761d8bf44cc7a49d3_1280.jpg,5617,3775,2105667,22299,21251,13,146,60,1767157,Ralphs_Fotos,https://cdn.pixabay.com/user/2023/10/30/20-32-31-466_250x250.jpg,not that popular,0.9530023767881968,0.0026907036189963676
7889170,https://pixabay.com/photos/squirrel-rodent-wildlife-mammal-7889170/,photo,rodent,https://cdn.pixabay.com/photo/2023/03/31/04/15/squirrel-7889170_150.jpg,150,99,https://pixabay.com/get/gba260ea6eda6cee9faa5e1dd9ed550fc08b95c7e48c22b362bdc1bccd9d450f497c9bbce71d8d3192c6f700f0fc419efdacdcc6b468fed0e3414798bd300be53_640.jpg,640,421,https://pixabay.com/get/g162b36223c5b58171a3a0b3da012c75fbd7d520b5d46eace36ffe60e0986e1a078a593669c815c05408a1eab5c5b4feb02a86783fef4725e7450f8207cd483c2_1280.jpg,5748,3783,3066678,28221,26199,18,168,51,1767157,Ralphs_Fotos,https://cdn.pixabay.com/user/2023/10/30/20-32-31-466_250x250.jpg,not that popular,0.9283512278090783,0.001807164877219092
8044947,https://pixabay.com/photos/squirrel-rodent-mammal-animal-8044947/,photo,rodent,https://cdn.pixabay.com/photo/2023/06/06/15/32/squirrel-8044947_150.jpg,150,100,https://pixabay.com/get/g1a163830369210bcdaca05ed22ee071f83b2dd72fae638b1ec5ec786be8de3cd8a9c87d9048c09e0dbf82939dd1149645ff168feab702e7d93d0cda6d57dec6a_640.jpg,640,427,https://pixabay.com/get/gbdcfa0206275223c5013f0d7bf1617ab72fcbfd5d46eb1c95334c308b14a65d12b064563fd2dcbb77ad52f46d61848ca6d5482f3b4b7396b6dbf550ab1ddd923_1280.jpg,3000,2000,1454148,54202,52414,21,189,0,7673058,Ray_Shrewsberry,https://cdn.pixabay.com/user/2024/03/29/03-05-16-838_250x250.jpg,not that popular,0.9670122873694698,0
7717592,https://pixabay.com/photos/squirrel-rodent-animal-wildlife-7717592/,photo,rodent,https://cdn.pixabay.com/photo/2023/01/14/06/34/squirrel-7717592_150.jpg,150,100,https://pixabay.com/get/ga8ab434ac605fd1e8db55dda704b849698f6269e87350a680d51133b7e631ef29b5b40020f3886c876a306d447f6d6d627e2b6482173e5c813f3f7e589230503_640.jpg,640,427,https://pixabay.com/get/g6df97e533476450571c2de6127c8e01b9d4d6f770b422a2466b6aa3b2dec207b366f605220c9ac4e690b2be181f15c3b3f4e8a8456da2950c65229a27a2343cc_1280.jpg,6000,4000,3194788,21998,21340,9,118,49,1767157,Ralphs_Fotos,https://cdn.pixabay.com/user/2023/10/30/20-32-31-466_250x250.jpg,not that popular,0.9700881898354395,0.0022274752250204563
7778318,https://pixabay.com/photos/squirrel-rodent-mammal-wildlife-7778318/,photo,rodent,https://cdn.pixabay.com/photo/2023/02/09/08/58/squirrel-7778318_150.jpg,150,100,https://pixabay.com/get/g2c07f11b71807a76017ce0f71fa663aa9e9524b985e4ea4dd7646a04e09cc82ff7652080d34c8cedec6fdeb453b53be3c624c53d9c7a4a35a1753938a73bb14b_640.jpg,640,427,https://pixabay.com/get/g615db54ec0bfd74da9b489ed76a04a6643a698e34c5aaae3220c6f56e2e89495d803a26aeda8f751724deb24276c5d3564ea81a52aaeecf2cfd0b13c42a3a351_1280.jpg,6000,4000,4220005,20212,19067,7,114,58,1767157,Ralphs_Fotos,https://cdn.pixabay.com/user/2023/10/30/20-32-31-466_250x250.jpg,not that popular,0.9433504848604789,0.002869582426281417
7246270,https://pixabay.com/photos/squirrel-rodent-animal-mammal-7246270/,photo,rodent,https://cdn.pixabay.com/photo/2022/06/06/15/06/squirrel-7246270_150.jpg,150,101,https://pixabay.com/get/g3d75c23845b2ce7864d933330afd0c6eb64a313348c4ad1189ea81f66d6e700803a1e73001b4ba947d95a1b2ed2afa170207b2010abbbef820031c57866c703b_640.jpg,640,432,https://pixabay.com/get/g0015c47eafc52bf844d2fa897ec8dcb9b1366bfb00be6e7046cc34e0e4e0261a65f45c996464f0e12bcde258a4b866595be59959e106dcd7482ee708713eb6d1_1280.jpg,4650,3142,2098792,17983,17161,21,130,61,1767157,Ralphs_Fotos,https://cdn.pixabay.com/user/2023/10/30/20-32-31-466_250x250.jpg,not that popular,0.9542901629316577,0.0033920925318356226
7552211,https://pixabay.com/photos/squirrel-rodent-animal-mammal-7552211/,photo,rodent,https://cdn.pixabay.com/photo/2022/10/28/02/28/squirrel-7552211_150.jpg,150,100,https://pixabay.com/get/g59cbd0b480958c1fdefe449a0227ef704b455298d161fd555eea6d12bf71052e9dc05b22dfe1405a1922171b2140be4f2469647962bdd689e5050b71e888678f_640.jpg,640,427,https://pixabay.com/get/g4f9166b9a9037962ad1441d56798545238dab6c6d8b957a5ed5202abbe72f1ccaa55ed7784299d9c2eb065d3ddf094a983f4420459f212eb928f093c781b6a49_1280.jpg,6000,4000,6562729,22563,21928,9,165,1,7673058,Ray_Shrewsberry,https://cdn.pixabay.com/user/2024/03/29/03-05-16-838_250x250.jpg,not that popular,0.9718565793555821,4.432034747152418e-5
7700444,https://pixabay.com/photos/squirrel-rodent-animal-wildlife-7700444/,photo,rodent,https://cdn.pixabay.com/photo/2023/01/06/05/43/squirrel-7700444_150.jpg,150,99,https://pixabay.com/get/ga3e5ca8976f36af603db122236ca67a9f9f0f1adcadf76f2d8ef6638d01548ee4d2d1b9be2bf8bf4ca262ab9ebe26c880138d41a17baa2b89df58bf353295b74_640.jpg,640,424,https://pixabay.com/get/gf51c6b7e8ca8c884d2f74445de819cdb1ad4c969cad7572b1c62804db880924b985e8266e77c980d22925819058cd7e726873cababc30dbd9b61d7ca95194e25_1280.jpg,5812,3850,2880469,20028,19127,6,125,64,1767157,Ralphs_Fotos,https://cdn.pixabay.com/user/2023/10/30/20-32-31-466_250x250.jpg,not that popular,0.9550129818254444,0.003195526263231476
7494809,https://pixabay.com/photos/squirrel-rodent-wildlife-mammal-7494809/,photo,rodent,https://cdn.pixabay.com/photo/2022/10/03/02/01/squirrel-7494809_150.jpg,150,100,https://pixabay.com/get/g6e94a62da73b81ee02761368d4d81d83c4a87b81c0ececc7cb2ccdcf1718a0f25585e49a18091a6dfa58be9ecc5d624ad7806f2d8a665116840dfaec9441ed57_640.jpg,640,427,https://pixabay.com/get/g89ef2880491f5e3f46f6985a05a002f9ae3ebb03079a7d9ddde6d4e8b19a55770f3e4cbd3b69d40b048c0faf017a7161a7019fce23eba1cfe2f147c25d88f127_1280.jpg,6000,4000,3032587,23306,22746,12,113,0,1767157,Ralphs_Fotos,https://cdn.pixabay.com/user/2023/10/30/20-32-31-466_250x250.jpg,not that popular,0.9759718527417832,0
7517034,https://pixabay.com/photos/squirrel-rodent-animal-mammal-7517034/,photo,rodent,https://cdn.pixabay.com/photo/2022/10/12/16/25/squirrel-7517034_150.jpg,150,100,https://pixabay.com/get/g5421b65493c26a894a42f64c89b6c458d283e1c5dd540f89bc7cb5606a68069ee5585386b63c0961cab9b49f206291eceb72b765c368bf656920c2bab53c7034_640.jpg,640,427,https://pixabay.com/get/g8b2178bb0a9ba56ce0fb92e2a31c72f3d76d99ada864cc30513f2712bc4939fceb2f2c5867fc899ec40fbab0c71f22415bddd9982d9b03b33b301e0760f4e5d3_1280.jpg,6000,4000,6906463,21830,21249,7,122,1,7673058,Ray_Shrewsberry,https://cdn.pixabay.com/user/2024/03/29/03-05-16-838_250x250.jpg,not that popular,0.9733852496564361,4.580852038479157e-5
7291826,https://pixabay.com/photos/squirrel-oak-kitten-rodent-meal-7291826/,photo,rodent,https://cdn.pixabay.com/photo/2022/06/29/13/49/squirrel-7291826_150.jpg,150,105,https://pixabay.com/get/g637f927f0502e821a2ecfe2257a3ff0b71f4b61f1d189e39a76c79b6239bb4cca7035c9aa1426551ea92726d69e79d9ffacfe085b728e277267f396bba843771_640.jpg,640,450,https://pixabay.com/get/g88f246673698342992c0158c5cd5c88bb8a27cf1ee41ddabc813793a18ed3d1261c49043bae3bf33e6f79860d7dd2d97da933048099e1a13ab2c17ec110c9698_1280.jpg,5007,3524,2739257,30401,29750,7,127,59,1767157,Ralphs_Fotos,https://cdn.pixabay.com/user/2023/10/30/20-32-31-466_250x250.jpg,not that popular,0.9785862307160949,0.0019407256340251966
7497278,https://pixabay.com/photos/squirrel-rodent-animal-mammal-7497278/,photo,rodent,https://cdn.pixabay.com/photo/2022/10/04/03/41/squirrel-7497278_150.jpg,150,100,https://pixabay.com/get/g3fe2d41f0ee72887a10d2998e2c631a049eee0fa00e4ce4ef4cdc50d377063390019c3717fb2d789fc2e24171e04ab192122138a59f102e8ff776bdbedbfde45_640.jpg,640,427,https://pixabay.com/get/g37299f0b69ae7b2f429aebb4fa7beb08bf59608e6b5fc9fc78cc998c489b2fbf6d705710ae087a725d84f9d102cf68cfe073a77700d233ab956a2d364b2abe65_1280.jpg,3000,2000,1863003,21661,21228,6,123,1,7673058,Ray_Shrewsberry,https://cdn.pixabay.com/user/2024/03/29/03-05-16-838_250x250.jpg,not that popular,0.9800101565024699,4.616592031762153e-5
7376177,https://pixabay.com/photos/squirrel-rodent-wildlife-mammal-7376177/,photo,rodent,https://cdn.pixabay.com/photo/2022/08/10/01/51/squirrel-7376177_150.jpg,150,100,https://pixabay.com/get/g0510c688bf2326c0bd30f7d5b413d2011c4a72cbfbf0c3dcc3f5bf88b24ce05c03d011c1b9303aa2116774f13693a435c37830a3e2e244778bd772b64458f591_640.jpg,640,427,https://pixabay.com/get/geeecf5ecc3323908a352d404d0c05b2bc7e44923692211d4e744dc05114a7b141d27f891ca7319a47ba713464da5399b443de8fe29f53c665be61e079d596281_1280.jpg,6000,4000,3938510,20605,20002,9,105,58,1767157,Ralphs_Fotos,https://cdn.pixabay.com/user/2023/10/30/20-32-31-466_250x250.jpg,not that popular,0.9707352584324194,0.0028148507643775784
7439862,https://pixabay.com/photos/squirrel-rodent-wildlife-mammal-7439862/,photo,rodent,https://cdn.pixabay.com/photo/2022/09/08/01/42/squirrel-7439862_150.jpg,105,150,https://pixabay.com/get/g2bcf83a86f1efdedfe13f64b0e6ed6f9b016e9c9dfa6dc9a1a5ef1b0e641275bce38461953142cb601eca31f11bf95f1d7a2d0ee0855f1f96e51ca45ddd8112a_640.jpg,447,640,https://pixabay.com/get/g399610cf94271fd31ee1c1a02fcd590d8e272980500d84b3afa5850a6199796accf1ad3b5aefd7eb3264af9634329a08cdc9bff8fc6592f8094c24ac12a6bac0_1280.jpg,2739,3924,1478940,21880,21534,4,107,40,1767157,Ralphs_Fotos,https://cdn.pixabay.com/user/2023/10/30/20-32-31-466_250x250.jpg,not that popular,0.9841864716636197,0.0018281535648994515
7355050,https://pixabay.com/photos/squirrel-rodent-wildlife-mammal-7355050/,photo,rodent,https://cdn.pixabay.com/photo/2022/07/31/06/32/squirrel-7355050_150.jpg,150,100,https://pixabay.com/get/g2a661b681df6bd5e24ef369a0811c65860d82dbd10680e26b9e9bd11b7d8a703e0ca6d3e0e116ea16c9eaa714438cc37197f912af45fad083af228eb05c3fa05_640.jpg,640,427,https://pixabay.com/get/g3c13df4fdd077e8a4b6f6f3ad9444d26f45cd28d9399e23cfa57f36bfcfa0cd2c2fda58ed756ebba83203a89dc87f2ba2e229235b3d22d1fed50b04a85e6482f_1280.jpg,6000,4000,3918631,20034,19420,6,99,45,1767157,Ralphs_Fotos,https://cdn.pixabay.com/user/2023/10/30/20-32-31-466_250x250.jpg,not that popular,0.9693521014275731,0.0022461814914645105
7414955,https://pixabay.com/photos/squirrel-rodent-wildlife-mammal-7414955/,photo,rodent,https://cdn.pixabay.com/photo/2022/08/27/17/38/squirrel-7414955_150.jpg,150,101,https://pixabay.com/get/g657dd24a043f9ad228713c43b5ce3087ed5dd7822864caee97697fc59ad958c7f7f4800afa9e0885de9016c52b44744c6a04451bf2711d81d251996d3ea7d617_640.jpg,640,433,https://pixabay.com/get/g0e0cfd7ea4f26f90419fd419b9cb400cb73c47695f690c508c0b7b517d63097ccac0b62371118e62fef56ef7914f42b71786ca949d7e6322bbe1ae396c0271e5_1280.jpg,5049,3413,3331941,16117,15739,7,94,39,1767157,Ralphs_Fotos,https://cdn.pixabay.com/user/2023/10/30/20-32-31-466_250x250.jpg,not that popular,0.976546503691754,0.0024198051746602968
7333350,https://pixabay.com/photos/squirrel-garden-rodent-wildlife-7333350/,photo,rodent,https://cdn.pixabay.com/photo/2022/07/20/03/51/squirrel-7333350_150.jpg,150,99,https://pixabay.com/get/g5712c99cee28bfe7506292d674938cbfd77a5483374d9b370d15fd00bd21ba138ad6e896a65da425afc034f6d21ceb1c5a5b3e9900d81e9af8963cff355dd71e_640.jpg,640,421,https://pixabay.com/get/gbeb8cb70ab08337067059fade7191dcf286147ee6e8151a51768ecd7f26e15cc36029ecb7948d845a625cd044a30d1f9408c8828278e7b21685cf6e101d0f188_1280.jpg,5942,3912,2604598,21893,21353,4,95,46,1767157,Ralphs_Fotos,https://cdn.pixabay.com/user/2023/10/30/20-32-31-466_250x250.jpg,not that popular,0.9753345818298086,0.002101128214497785
7208503,https://pixabay.com/photos/squirrel-rodent-wildlife-mammal-7208503/,photo,rodent,https://cdn.pixabay.com/photo/2022/05/20/02/50/squirrel-7208503_150.jpg,150,97,https://pixabay.com/get/gf3582f03ab19e4d459a42f9d41e3506060f17eb7a14e591aa438d879751d93b125c756d0da10c45c4395d36b743b5507453e3240c1a81c45b1920f456ab91af7_640.jpg,640,414,https://pixabay.com/get/gf4b529cfed3f221cd1ffd2f4b617b19773b4b6b1ca3c93527956b53f9b25edf4c0b20e8ba3cdc208ac59dab76db4ea0be9a06f1d543a4d9bc925624827998a56_1280.jpg,5148,3334,2077061,18572,18078,7,92,50,1767157,Ralphs_Fotos,https://cdn.pixabay.com/user/2023/10/30/20-32-31-466_250x250.jpg,not that popular,0.9734008184363558,0.002692224854619858
3682846,https://pixabay.com/photos/squirrel-animal-rodent-nature-cute-3682846/,photo,rodent,https://cdn.pixabay.com/photo/2018/09/17/01/58/squirrel-3682846_150.jpg,150,109,https://pixabay.com/get/g9ff1a56db1306a176bbf10ab0debc6e09f36e995f0c9ba2757b855254e83b4474d2a9b1781466da163e95f46a324cf6b081678dd0b52e67aa7cf45687f81dcb6_640.jpg,640,469,https://pixabay.com/get/gd8cfa419ebf69ef92ad1ab014cd792e4b0f2ac90d3abdd41b00f8c419fa70e608830a1cefdea7536ba528fdf10feb99f79a6591704ac47441388cda17638058f_1280.jpg,3570,2617,2466157,35110,31212,68,119,48,686414,Alexas_Fotos,https://cdn.pixabay.com/user/2024/04/18/09-33-47-584_250x250.png,not that popular,0.8889774992879521,0.0013671318712617489
7345957,https://pixabay.com/photos/squirrel-rodent-wildlife-forest-7345957/,photo,rodent,https://cdn.pixabay.com/photo/2022/07/26/14/05/squirrel-7345957_150.jpg,150,103,https://pixabay.com/get/ga6d331f969aaba9e97552f3a0c6bd92f7e2b1c3b1a5646b59a292fde8a9bfa5e9df087542c41283ec8aa51a8f37820ce7b0381c8c7ac7a6f87ebc06ca500ed2c_640.jpg,640,440,https://pixabay.com/get/gf3576679a33f304e99247ffff30522239226e723e07675f7ead40b2c61bf021f9d1ff1570091f7f6a09056e8f347b91223f5e5c81c32e79d0eb7aaf4fe5dd15c_1280.jpg,5306,3645,3071990,15857,15476,10,98,54,1767157,Ralphs_Fotos,https://cdn.pixabay.com/user/2023/10/30/20-32-31-466_250x250.jpg,not that popular,0.9759727565113199,0.003405436085009775
5603496,https://pixabay.com/photos/squirrel-rodent-animal-5603496/,photo,rodent,https://cdn.pixabay.com/photo/2020/09/26/08/49/squirrel-5603496_150.jpg,150,100,https://pixabay.com/get/g96ec4c6d6911ec64fa3d57899dd7ed41b07583700acb1b02ad7727a4d91a97b1dc651075c6fe486b1cd395afa460e0d0ca7d7ebabcbdc4011410c960d6d84b56_640.jpg,640,427,https://pixabay.com/get/g411010096d1d8dcf324d008c7208d8e7333fa97be49e1977002834231e498fc1c3315853e0e86ba7a851cd944db1c9611a4a30f5740c42b793469c6c36107387_1280.jpg,6000,4000,3468037,18387,15937,76,115,83,1767157,Ralphs_Fotos,https://cdn.pixabay.com/user/2023/10/30/20-32-31-466_250x250.jpg,not that popular,0.8667536846685158,0.004514058845923751
4318302,https://pixabay.com/photos/squirrel-oak-kitten-rodent-animal-4318302/,photo,rodent,https://cdn.pixabay.com/photo/2019/07/05/10/52/squirrel-4318302_150.jpg,150,99,https://pixabay.com/get/gaf0c4ca01d4cd527a64c7f436cf43e6ddaa22b6f6efe4928fd5d64d8a28147819ade22e8aa46446754bd04a27edd094e3e4f5d3e8b5865e37191f93153e492dc_640.jpg,640,426,https://pixabay.com/get/g61e7c460a29fe9d6dff7e14ec73cef436c2a716983e180a1900a06495083cbe005ad6a6cecf34260ca77949e97e56707c9d1d3525dc278a99f84dbb5045f5182_1280.jpg,6000,4000,2848383,26797,22967,74,124,58,1767157,Ralphs_Fotos,https://cdn.pixabay.com/user/2023/10/30/20-32-31-466_250x250.jpg,not that popular,0.8570735530096653,0.0021644213904541553
7299553,https://pixabay.com/photos/squirrel-rodent-looking-for-food-7299553/,photo,rodent,https://cdn.pixabay.com/photo/2022/07/03/15/50/squirrel-7299553_150.jpg,150,100,https://pixabay.com/get/gdde38a5e2f800982f59ac330dab79d426f37e406043e1e10d5e9d2046d8fcd14f6b774ce336a93c71cf743dc108083a3cf727ed638d17946fef5ece6271a13e8_640.jpg,640,427,https://pixabay.com/get/geb3334988db09291e8d8b6c0ee797f1bc09fcec77c8e7d18f90277b158e599bc6feb893aca7ba3c2624661fecfe37a2c6f9f0fe421887f283d32532528581038_1280.jpg,6960,4640,5431030,20132,19396,17,78,37,201217,garten-gg,https://cdn.pixabay.com/user/2023/03/19/08-26-18-544_250x250.jpg,not that popular,0.9634412875024836,0.00183787005761971
7339496,https://pixabay.com/photos/squirrel-rodent-garden-mammal-7339496/,photo,rodent,https://cdn.pixabay.com/photo/2022/07/23/08/05/squirrel-7339496_150.jpg,150,98,https://pixabay.com/get/g725cf55d6ddec4d1d57363a05a275dde84a1fdd60c533c879ca2cf5b0033f5433bc4919e5217028e41c38c8f13cff3a3ac03e881d801a5ebd11f97e381be404a_640.jpg,640,416,https://pixabay.com/get/gdd4ecd393b468ae4eda40396027d84c1bcff55383c28ea7c16358924f652ebc9cc1041c38c2e3dc048e24ee844451f6b909f1103b0d76dcd450a0040f11bdb9f_1280.jpg,5894,3834,3306917,19187,18807,4,83,40,1767157,Ralphs_Fotos,https://cdn.pixabay.com/user/2023/10/30/20-32-31-466_250x250.jpg,not that popular,0.9801949236462187,0.0020847448793453903
5331083,https://pixabay.com/photos/squirrel-oak-kitten-rodent-animal-5331083/,photo,rodent,https://cdn.pixabay.com/photo/2020/06/23/02/24/squirrel-5331083_150.jpg,150,100,https://pixabay.com/get/gedcbe10ea547d5a35ac82a8eb29191a51a807c1ef9c572ea304deb9e695db5fb67bba1ef012d82216627e9005aceb01e01929b58d6efdd14a41c0b21a868afca_640.jpg,640,428,https://pixabay.com/get/g5a57f12e007c4354075d8f5e3dbc6e010d1c83dd70a81bd055d85cca14334c8c32cac447eb02295c855357bd5a2dd98e6d7bbf118e246346823b922dee2b11ec_1280.jpg,4668,3121,1752262,34910,27473,158,236,96,1767157,Ralphs_Fotos,https://cdn.pixabay.com/user/2023/10/30/20-32-31-466_250x250.jpg,not that popular,0.78696648524778,0.0027499283872815814
7303984,https://pixabay.com/photos/squirrel-rodent-mammal-foraging-7303984/,photo,rodent,https://cdn.pixabay.com/photo/2022/07/05/21/15/squirrel-7303984_150.jpg,150,100,https://pixabay.com/get/g122e5f9c92c313bf1e0d8b46444d0cdac32f5efcb00b164f49da591a72314fe7c5d50ca50cd68a16856d4a6a7cbd35f3ac5f8d903a24363cc9e970cc5b222768_640.jpg,640,427,https://pixabay.com/get/gb05c2727056d701107a6c07c013bc5863ef3611c3825c01cb3386128a932ac3f6861cf088165a58ccad1961ae0367898fa025ac18615f31ff4e7497b4f331bb4_1280.jpg,4000,2669,2204315,21432,20978,11,47,11,686414,Alexas_Fotos,https://cdn.pixabay.com/user/2024/04/18/09-33-47-584_250x250.png,not that popular,0.9788167226577081,5.13251213139231e-4
5233121,https://pixabay.com/photos/squirrel-oak-kitten-rodent-animal-5233121/,photo,rodent,https://cdn.pixabay.com/photo/2020/05/29/01/05/squirrel-5233121_150.jpg,150,102,https://pixabay.com/get/g9acccd2768f76db5515295697550204664b51fa6d73d69b1a62f4ab370795d9290c48effac633e756cbd4806627d78b1cb5c7cf4abbd38601bf1364f6ca2f9c8_640.jpg,640,434,https://pixabay.com/get/g8ec84d2d5dbb8da02d7e5a4461439ad3b91ae617590e0d737dc2ebf7b38e92c86a22b2411f5c2948c38f848a3a2528af764a9d3440474fd95018913c38b55d41_1280.jpg,5168,3503,2337824,21618,17349,98,164,90,1767157,Ralphs_Fotos,https://cdn.pixabay.com/user/2023/10/30/20-32-31-466_250x250.jpg,not that popular,0.8025256730502359,0.004163197335553705
5959490,https://pixabay.com/photos/squirrel-rodent-foraging-wildlife-5959490/,photo,rodent,https://cdn.pixabay.com/photo/2021/01/29/02/26/squirrel-5959490_150.jpg,150,102,https://pixabay.com/get/g563facb165053b825daad2e742d461b67358f6de36b7cb2d3ae4cfe34d76ca533c75e696eeb6cc502a5eee6a65465f4f47a6427560bc57c656699975431a4eb3_640.jpg,640,434,https://pixabay.com/get/g648afb3c14e6d3162bff0f68fdfb4c3a45ed966559b9db82c3fd98fc8c875cd4c0e0a74c055fe98ab511cff459679435434b152cf2fac9b7a9684df772b7c836_1280.jpg,5163,3501,2049211,42249,39616,83,161,99,1767157,Ralphs_Fotos,https://cdn.pixabay.com/user/2023/10/30/20-32-31-466_250x250.jpg,not that popular,0.9376789983194869,0.0023432507278278777
5941614,https://pixabay.com/photos/squirrel-rodent-wildlife-forest-5941614/,photo,rodent,https://cdn.pixabay.com/photo/2021/01/23/02/49/squirrel-5941614_150.jpg,150,100,https://pixabay.com/get/gbf2d733c0edea430123575bb649695cca487603250296c1ec1d8547947e97c13108092920906ea4d6b1c345bcad10d61838386545f15e37c4d1c2bb409a6bbca_640.jpg,640,427,https://pixabay.com/get/g0e353ff144befe3b2b37f46e446c7e8594132adf79b02c9c1d58addd3cc163acd29de62a87e2f7602d87e27a495194b95d069432e19f0958f0a28aab3649a811_1280.jpg,6000,4000,3764930,52735,50746,56,146,86,1767157,Ralphs_Fotos,https://cdn.pixabay.com/user/2023/10/30/20-32-31-466_250x250.jpg,not that popular,0.9622831136816157,0.0016307954868683037
